{"cameraMode":{"drawMode":0,"name":"Shaded","section":"Shading Mode"},"sceneLighting":false,"audioPlay":false,"sceneViewState":{"showFog":true,"showMaterialUpdate":false,"showSkybox":true,"showFlares":true,"showImageEffects":true,"showParticleSystems":true},"in2DMode":false,"pivot":{"x":3.565901517868042,"y":2.2971043586730959,"z":0.5189924240112305},"rotation":{"x":-0.017758917063474656,"y":0.16274669766426087,"z":0.002929873764514923,"w":0.9865065217018127},"size":5.655806541442871,"orthographic":false}