{"cameraMode":{"drawMode":0,"name":"Shaded","section":"Shading Mode"},"sceneLighting":false,"audioPlay":false,"sceneViewState":{"showFog":true,"showMaterialUpdate":false,"showSkybox":false,"showFlares":true,"showImageEffects":true,"showParticleSystems":true},"in2DMode":false,"pivot":{"x":-139.16738891601563,"y":30.984512329101564,"z":5.28289794921875},"rotation":{"x":0.06125813350081444,"y":-0.9246245622634888,"z":0.168549582362175,"w":0.3360561430454254},"size":69.36122131347656,"orthographic":false}