{"cameraMode":{"drawMode":0,"name":"Shaded","section":"Shading Mode"},"sceneLighting":true,"audioPlay":false,"sceneViewState":{"showFog":true,"showMaterialUpdate":true,"showSkybox":true,"showFlares":true,"showImageEffects":true,"showParticleSystems":true},"in2DMode":false,"pivot":{"x":-0.4398164749145508,"y":1.278447151184082,"z":-0.48233234882354739},"rotation":{"x":-0.08924800902605057,"y":0.7002288699150086,"z":-0.08890994638204575,"w":-0.7027550339698792},"size":9.52881145477295,"orthographic":false}