{"cameraMode":{"drawMode":0,"name":"Shaded","section":"Shading Mode"},"sceneLighting":true,"audioPlay":false,"sceneViewState":{"showFog":true,"showMaterialUpdate":true,"showSkybox":true,"showFlares":true,"showImageEffects":true,"showParticleSystems":true},"in2DMode":false,"pivot":{"x":-0.17193174362182618,"y":1.1442375183105469,"z":0.8667708039283752},"rotation":{"x":-0.05095973610877991,"y":0.707179605960846,"z":-0.05121411010622978,"w":-0.7033724784851074},"size":3.7216603755950929,"orthographic":false}